{
 "allTestModules": [], 
 "enable_e10s": false, 
 "jetpackID": "facebook@jetpack", 
 "loader": "api-utils/lib/cuddlefish.js", 
 "main": "main", 
 "mainPath": "facebook/lib/main.js", 
 "manifest": {
  "addon-kit/lib/page-mod.js": {
   "docsSHA256": "c81a2a9927929fe7ad6654e5e891884fa5015fedd10359d8ed974aee0840048e", 
   "jsSHA256": "6c9d0165c396cf1e58e944f846bfea813da542591f0cc6beaf4e047fff66111e", 
   "moduleName": "page-mod", 
   "packageName": "addon-kit", 
   "requirements": {
    "api-utils/api-utils": {
     "path": "api-utils/lib/api-utils.js"
    }, 
    "api-utils/content": {
     "path": "api-utils/lib/content.js"
    }, 
    "api-utils/content/loader": {
     "path": "api-utils/lib/content/loader.js"
    }, 
    "api-utils/events": {
     "path": "api-utils/lib/events.js"
    }, 
    "api-utils/list": {
     "path": "api-utils/lib/list.js"
    }, 
    "api-utils/match-pattern": {
     "path": "api-utils/lib/match-pattern.js"
    }, 
    "api-utils/observer-service": {
     "path": "api-utils/lib/observer-service.js"
    }, 
    "api-utils/tabs/utils": {
     "path": "api-utils/lib/tabs/utils.js"
    }, 
    "api-utils/utils/object": {
     "path": "api-utils/lib/utils/object.js"
    }, 
    "api-utils/utils/registry": {
     "path": "api-utils/lib/utils/registry.js"
    }, 
    "api-utils/window/utils": {
     "path": "api-utils/lib/window/utils.js"
    }, 
    "chrome": {
     "path": "chrome"
    }, 
    "window-utils": {
     "path": "api-utils/lib/window-utils.js"
    }
   }, 
   "sectionName": "lib"
  }, 
  "addon-kit/lib/private-browsing.js": {
   "docsSHA256": "592c53ace30710c9ba8267e35d82080c222372055bf5d5e76c6b336f8246f185", 
   "jsSHA256": "9e7f33f74438bf402631702757f159a79f9151f8aff81a59c94de48448daa26e", 
   "moduleName": "private-browsing", 
   "packageName": "addon-kit", 
   "requirements": {
    "api-utils/event/core": {
     "path": "api-utils/lib/event/core.js"
    }, 
    "api-utils/observer-service": {
     "path": "api-utils/lib/observer-service.js"
    }, 
    "api-utils/private-browsing/utils": {
     "path": "api-utils/lib/private-browsing/utils.js"
    }, 
    "api-utils/unload": {
     "path": "api-utils/lib/unload.js"
    }
   }, 
   "sectionName": "lib"
  }, 
  "addon-kit/lib/tabs.js": {
   "docsSHA256": "69d007e22f8477c46f491c6eed4c973140d6855f4798142fad3c5329766eac9b", 
   "jsSHA256": "74c07c6c0d2003de66d288bfed73656f98d399fcc973676aad99391537326110", 
   "moduleName": "tabs", 
   "packageName": "addon-kit", 
   "requirements": {
    "./windows": {
     "path": "addon-kit/lib/windows.js"
    }, 
    "api-utils/windows/tabs": {
     "path": "api-utils/lib/windows/tabs.js"
    }, 
    "api-utils/xul-app": {
     "path": "api-utils/lib/xul-app.js"
    }
   }, 
   "sectionName": "lib"
  }, 
  "addon-kit/lib/windows.js": {
   "docsSHA256": "346cd34f60143f40591463e366649894c33ceaeda0400e7fb0a98fe9fa15e5b7", 
   "jsSHA256": "9d3395d1d505fd3481e85cec9aba81356fffb86cdb2d4b9f521f98e604bb098c", 
   "moduleName": "windows", 
   "packageName": "addon-kit", 
   "requirements": {
    "api-utils/api-utils": {
     "path": "api-utils/lib/api-utils.js"
    }, 
    "api-utils/events": {
     "path": "api-utils/lib/events.js"
    }, 
    "api-utils/list": {
     "path": "api-utils/lib/list.js"
    }, 
    "api-utils/namespace": {
     "path": "api-utils/lib/namespace.js"
    }, 
    "api-utils/private-browsing/utils": {
     "path": "api-utils/lib/private-browsing/utils.js"
    }, 
    "api-utils/tabs/tab": {
     "path": "api-utils/lib/tabs/tab.js"
    }, 
    "api-utils/traits": {
     "path": "api-utils/lib/traits.js"
    }, 
    "api-utils/unload": {
     "path": "api-utils/lib/unload.js"
    }, 
    "api-utils/window-utils": {
     "path": "api-utils/lib/window-utils.js"
    }, 
    "api-utils/window/utils": {
     "path": "api-utils/lib/window/utils.js"
    }, 
    "api-utils/windows/dom": {
     "path": "api-utils/lib/windows/dom.js"
    }, 
    "api-utils/windows/loader": {
     "path": "api-utils/lib/windows/loader.js"
    }, 
    "api-utils/windows/observer": {
     "path": "api-utils/lib/windows/observer.js"
    }, 
    "api-utils/windows/tabs": {
     "path": "api-utils/lib/windows/tabs.js"
    }, 
    "api-utils/xul-app": {
     "path": "api-utils/lib/xul-app.js"
    }, 
    "chrome": {
     "path": "chrome"
    }
   }, 
   "sectionName": "lib"
  }, 
  "api-utils/lib/addon/runner.js": {
   "docsSHA256": null, 
   "jsSHA256": "f0537153b015f72a77c1665771e843a6732ca41190034b7fa38ffa6117d253d3", 
   "moduleName": "addon/runner", 
   "packageName": "api-utils", 
   "requirements": {
    "../globals": {
     "path": "api-utils/lib/globals.js"
    }, 
    "../system": {
     "path": "api-utils/lib/system.js"
    }, 
    "../system/events": {
     "path": "api-utils/lib/system/events.js"
    }, 
    "../unload": {
     "path": "api-utils/lib/unload.js"
    }, 
    "@loader/options": {
     "path": "@loader/options"
    }, 
    "api-utils/l10n/html": {
     "path": "api-utils/lib/l10n/html.js"
    }, 
    "api-utils/l10n/loader": {
     "path": "api-utils/lib/l10n/loader.js"
    }, 
    "api-utils/l10n/prefs": {
     "path": "api-utils/lib/l10n/prefs.js"
    }, 
    "api-utils/loader": {
     "path": "api-utils/lib/loader.js"
    }, 
    "chrome": {
     "path": "chrome"
    }, 
    "self": {
     "path": "api-utils/lib/self.js"
    }
   }, 
   "sectionName": "lib"
  }, 
  "api-utils/lib/api-utils.js": {
   "docsSHA256": "acd5fdc9bc57bfd0731d85b0d171fdabef7d6471cb1160926e8ff6c1be0745ee", 
   "jsSHA256": "cb7e238705a3338daf23b83a046eaef0558dba81b12c7db20af4ed66ca4e0a83", 
   "moduleName": "api-utils", 
   "packageName": "api-utils", 
   "requirements": {
    "api-utils/memory": {
     "path": "api-utils/lib/memory.js"
    }
   }, 
   "sectionName": "lib"
  }, 
  "api-utils/lib/base64.js": {
   "docsSHA256": "240209eddc72b4fb2bd13c62a74c90dfe457069eefefe00477a554a845eedf4b", 
   "jsSHA256": "6f07677fd1005e526726316fc3e373016865a6ba54ca50c28e74386bd21f2f53", 
   "moduleName": "base64", 
   "packageName": "api-utils", 
   "requirements": {
    "chrome": {
     "path": "chrome"
    }
   }, 
   "sectionName": "lib"
  }, 
  "api-utils/lib/byte-streams.js": {
   "docsSHA256": "0ed31570a32a427c27c1eed11a003dd9fdd9066d26cfc3a2e26e8b64bbdd7411", 
   "jsSHA256": "25672e03703f17cf69e2bde02f846e7861ba9aee93dde912d2f184d512132055", 
   "moduleName": "byte-streams", 
   "packageName": "api-utils", 
   "requirements": {
    "./unload": {
     "path": "api-utils/lib/unload.js"
    }, 
    "chrome": {
     "path": "chrome"
    }
   }, 
   "sectionName": "lib"
  }, 
  "api-utils/lib/collection.js": {
   "docsSHA256": "fe8063b3aa9fa3fca9ee48beaf7d6c874143defe43c8792f8a79acddfb1eb853", 
   "jsSHA256": "044f69f991a414f281e96118dd157637693568fcb351b8bb7077cf000b893ccd", 
   "moduleName": "collection", 
   "packageName": "api-utils", 
   "requirements": {}, 
   "sectionName": "lib"
  }, 
  "api-utils/lib/content.js": {
   "docsSHA256": "517de69800a5812c55fddbe19468397590e7b4aebecd2f2dfd43dbe4c90e86ae", 
   "jsSHA256": "9a142920eddf6801400233bd83fa37c56c67423e17b42a1d899565c2b36c40e8", 
   "moduleName": "content", 
   "packageName": "api-utils", 
   "requirements": {
    "./content/loader": {
     "path": "api-utils/lib/content/loader.js"
    }, 
    "./content/symbiont": {
     "path": "api-utils/lib/content/symbiont.js"
    }, 
    "./content/worker": {
     "path": "api-utils/lib/content/worker.js"
    }
   }, 
   "sectionName": "lib"
  }, 
  "api-utils/lib/content/content-proxy.js": {
   "docsSHA256": null, 
   "jsSHA256": "f9e1ab9295461fba3cf0fdef066c58942b62e7044ca63965f932ee82af993a76", 
   "moduleName": "content/content-proxy.js", 
   "packageName": "api-utils", 
   "requirements": {
    "./content-proxy.js": {
     "path": "api-utils/lib/content/content-proxy.js"
    }
   }, 
   "sectionName": "lib"
  }, 
  "api-utils/lib/content/content-worker.js": {
   "docsSHA256": null, 
   "jsSHA256": "1f165184ebbc09867904a5aad7ed65e255c014f8525b68394cd891dfbeec620f", 
   "moduleName": "content/content-worker.js", 
   "packageName": "api-utils", 
   "requirements": {}, 
   "sectionName": "lib"
  }, 
  "api-utils/lib/content/loader.js": {
   "docsSHA256": "9a3138f55dda1e902cff69531c6be43d7e87cd30d7b9400cc8be9e83d3746c4d", 
   "jsSHA256": "11b476c91534c73c7e984006f072b3f4bdf6591bdb250569ff109c133d8b067f", 
   "moduleName": "content/loader", 
   "packageName": "api-utils", 
   "requirements": {
    "../api-utils": {
     "path": "api-utils/lib/api-utils.js"
    }, 
    "../events": {
     "path": "api-utils/lib/events.js"
    }, 
    "../file": {
     "path": "api-utils/lib/file.js"
    }, 
    "../url": {
     "path": "api-utils/lib/url.js"
    }
   }, 
   "sectionName": "lib"
  }, 
  "api-utils/lib/content/symbiont.js": {
   "docsSHA256": "078c7e497332467189815c01a057f92e0cd68f805c70060733a595447336ebf9", 
   "jsSHA256": "6e5beeabaa80561a9769e148f4bd37ee588ff8c08bd859d07ca8bcdfe75c4dce", 
   "moduleName": "content/symbiont", 
   "packageName": "api-utils", 
   "requirements": {
    "../hidden-frame": {
     "path": "api-utils/lib/hidden-frame.js"
    }, 
    "../observer-service": {
     "path": "api-utils/lib/observer-service.js"
    }, 
    "../unload": {
     "path": "api-utils/lib/unload.js"
    }, 
    "./loader": {
     "path": "api-utils/lib/content/loader.js"
    }, 
    "./worker": {
     "path": "api-utils/lib/content/worker.js"
    }, 
    "self": {
     "path": "api-utils/lib/self.js"
    }
   }, 
   "sectionName": "lib"
  }, 
  "api-utils/lib/content/worker.js": {
   "docsSHA256": "77d6dfd1626ce26b2e10009d644f1f9f29f59497a8e1d2e6a30d5fca0a897d73", 
   "jsSHA256": "5bddbc8d4a3c2c2ff076b59c1267760cc402414f2913e5972c84fa49607c41a3", 
   "moduleName": "content/worker", 
   "packageName": "api-utils", 
   "requirements": {
    "../cortex": {
     "path": "api-utils/lib/cortex.js"
    }, 
    "../events": {
     "path": "api-utils/lib/events.js"
    }, 
    "../observer-service": {
     "path": "api-utils/lib/observer-service.js"
    }, 
    "../sandbox": {
     "path": "api-utils/lib/sandbox.js"
    }, 
    "../tabs/tab": {
     "path": "api-utils/lib/tabs/tab.js"
    }, 
    "../timer": {
     "path": "api-utils/lib/timer.js"
    }, 
    "../traits": {
     "path": "api-utils/lib/traits.js"
    }, 
    "../unload": {
     "path": "api-utils/lib/unload.js"
    }, 
    "../url": {
     "path": "api-utils/lib/url.js"
    }, 
    "../utils/object": {
     "path": "api-utils/lib/utils/object.js"
    }, 
    "./content-proxy.js": {
     "path": "api-utils/lib/content/content-proxy.js"
    }, 
    "./content-worker.js": {
     "path": "api-utils/lib/content/content-worker.js"
    }, 
    "api-utils/xul-app": {
     "path": "api-utils/lib/xul-app.js"
    }, 
    "chrome": {
     "path": "chrome"
    }
   }, 
   "sectionName": "lib"
  }, 
  "api-utils/lib/cortex.js": {
   "docsSHA256": "dc01ce8965bf36d561bb1f61590b066f72322640ee124761535f3b8578eed126", 
   "jsSHA256": "1f862b6b60e06efc94a127a7ef13424973fccdc4e78254493429a564d22975e4", 
   "moduleName": "cortex", 
   "packageName": "api-utils", 
   "requirements": {}, 
   "sectionName": "lib"
  }, 
  "api-utils/lib/cuddlefish.js": {
   "docsSHA256": null, 
   "jsSHA256": "bdd9311fe334f0af1e620fed75004a5554d760a0b96f39b2618156311827b5e4", 
   "moduleName": "cuddlefish", 
   "packageName": "api-utils", 
   "requirements": {
    "api-utils/addon/runner": {
     "path": "api-utils/lib/addon/runner.js"
    }, 
    "api-utils/loader": {
     "path": "api-utils/lib/loader.js"
    }, 
    "chrome": {
     "path": "chrome"
    }
   }, 
   "sectionName": "lib"
  }, 
  "api-utils/lib/deprecate.js": {
   "docsSHA256": "22b81411909a172793bd19085ccefa708647c720fa98e6ba32e62a320f313bf5", 
   "jsSHA256": "ba7eed9645b7570d6ed5b1562373b91439795c6c4e82636a94dac45427ff91d1", 
   "moduleName": "deprecate", 
   "packageName": "api-utils", 
   "requirements": {
    "./traceback": {
     "path": "api-utils/lib/traceback.js"
    }
   }, 
   "sectionName": "lib"
  }, 
  "api-utils/lib/dom/events.js": {
   "docsSHA256": null, 
   "jsSHA256": "73a6c1fc5518b790eccddcf2d46a4cddc51de38ac6e6ee6696c19268b476138c", 
   "moduleName": "dom/events", 
   "packageName": "api-utils", 
   "requirements": {}, 
   "sectionName": "lib"
  }, 
  "api-utils/lib/environment.js": {
   "docsSHA256": "1a8f64c8e3f83f13a9c1fa0e1196cf65555a63fd68eaf45c440792cf8bed7479", 
   "jsSHA256": "dfde6a76e88790d5a91a852d131e13b5b011bc56e4d5bb99e91cda0db8b2bf34", 
   "moduleName": "environment", 
   "packageName": "api-utils", 
   "requirements": {
    "chrome": {
     "path": "chrome"
    }
   }, 
   "sectionName": "lib"
  }, 
  "api-utils/lib/errors.js": {
   "docsSHA256": "e141cd31bd7d5a6fb64019470d4e24acaa7e98a449a88afd9c23b9b743e9dcc5", 
   "jsSHA256": "c530a937f5e1332f787696abb87a4aaa88a3a0d0b1e3f3958b4fa15284a05602", 
   "moduleName": "errors", 
   "packageName": "api-utils", 
   "requirements": {}, 
   "sectionName": "lib"
  }, 
  "api-utils/lib/event/core.js": {
   "docsSHA256": "bfad0baf1f7b579bd5090636d39414d5847b93d2f37b2d6d8eeecdbe0f2aaba3", 
   "jsSHA256": "53edc4225421200745f82ae8df8c44af8c7ae9832e6063e764661d52fb9fb328", 
   "moduleName": "event/core", 
   "packageName": "api-utils", 
   "requirements": {
    "../namespace": {
     "path": "api-utils/lib/namespace.js"
    }
   }, 
   "sectionName": "lib"
  }, 
  "api-utils/lib/events.js": {
   "docsSHA256": "40e48810b4d8d6926935abc2b7f7e49c4d1b7d51485f421bd43950bc3268d7f4", 
   "jsSHA256": "629d8a6d238fb965efef47b334001367d91d64563d886644f5e0fc6105afa657", 
   "moduleName": "events", 
   "packageName": "api-utils", 
   "requirements": {
    "./light-traits": {
     "path": "api-utils/lib/light-traits.js"
    }, 
    "./traits": {
     "path": "api-utils/lib/traits.js"
    }
   }, 
   "sectionName": "lib"
  }, 
  "api-utils/lib/events/assembler.js": {
   "docsSHA256": null, 
   "jsSHA256": "d7d83af2f2b948340eb2960fc16246510f4ca594a5dda4e37e565b3f2fb747a5", 
   "moduleName": "events/assembler", 
   "packageName": "api-utils", 
   "requirements": {
    "../dom/events": {
     "path": "api-utils/lib/dom/events.js"
    }, 
    "../light-traits": {
     "path": "api-utils/lib/light-traits.js"
    }
   }, 
   "sectionName": "lib"
  }, 
  "api-utils/lib/file.js": {
   "docsSHA256": "a508f419ab1981dcd51439dec49f5833db3d4c7cfcc396fe90386d502f03bb0d", 
   "jsSHA256": "0012eaa883989ead77006e2f0e4069fc502bcbb99f9c38d84ee1a0d40e4e1e98", 
   "moduleName": "file", 
   "packageName": "api-utils", 
   "requirements": {
    "./byte-streams": {
     "path": "api-utils/lib/byte-streams.js"
    }, 
    "./text-streams": {
     "path": "api-utils/lib/text-streams.js"
    }, 
    "chrome": {
     "path": "chrome"
    }
   }, 
   "sectionName": "lib"
  }, 
  "api-utils/lib/functional.js": {
   "docsSHA256": null, 
   "jsSHA256": "16c4c55e664843c96c500a9445bbce57e19cf19f7dca97777fd087335e704273", 
   "moduleName": "functional", 
   "packageName": "api-utils", 
   "requirements": {
    "./timer": {
     "path": "api-utils/lib/timer.js"
    }
   }, 
   "sectionName": "lib"
  }, 
  "api-utils/lib/globals.js": {
   "docsSHA256": "77c2cd78f8bceaea9f6c5937b031538a26652d3b4f4ecdbcc0e140ff837dd831", 
   "jsSHA256": "b739dafa1055fb10ca1539a336d64caf0fa37dc0b3f34c2d4a7e26e3bf4bbfa1", 
   "moduleName": "globals", 
   "packageName": "api-utils", 
   "requirements": {
    "./plain-text-console": {
     "path": "api-utils/lib/plain-text-console.js"
    }, 
    "api-utils/system": {
     "path": "api-utils/lib/system.js"
    }, 
    "chrome": {
     "path": "chrome"
    }
   }, 
   "sectionName": "lib"
  }, 
  "api-utils/lib/heritage.js": {
   "docsSHA256": "853038c5d7fa661a8b194d0e925a4a102e8706793685d8a4489a7725dc856f4d", 
   "jsSHA256": "879c9f4e0e59b80edc2b47db210da97a051c54654b3d153a598994b3c0fe8bf7", 
   "moduleName": "heritage", 
   "packageName": "api-utils", 
   "requirements": {}, 
   "sectionName": "lib"
  }, 
  "api-utils/lib/hidden-frame.js": {
   "docsSHA256": "8b0560532d605be15b6d2f0f487b3a1876f1c35255cb87ea47865cc6ba43dc86", 
   "jsSHA256": "f71ba4f347914d696884d9899e6769de8c034beb755ef6c2a4f19c8159d90cec", 
   "moduleName": "hidden-frame", 
   "packageName": "api-utils", 
   "requirements": {
    "./api-utils": {
     "path": "api-utils/lib/api-utils.js"
    }, 
    "./collection": {
     "path": "api-utils/lib/collection.js"
    }, 
    "./errors": {
     "path": "api-utils/lib/errors.js"
    }, 
    "./timer": {
     "path": "api-utils/lib/timer.js"
    }, 
    "./unload": {
     "path": "api-utils/lib/unload.js"
    }, 
    "./xul-app": {
     "path": "api-utils/lib/xul-app.js"
    }, 
    "chrome": {
     "path": "chrome"
    }
   }, 
   "sectionName": "lib"
  }, 
  "api-utils/lib/l10n/core.js": {
   "docsSHA256": null, 
   "jsSHA256": "db3d5ef6c49cdd355d888d4722663bc269cdecf8cc40743d92c2aaf37edde58a", 
   "moduleName": "l10n/core", 
   "packageName": "api-utils", 
   "requirements": {
    "@l10n/data": {
     "path": "@l10n/data"
    }
   }, 
   "sectionName": "lib"
  }, 
  "api-utils/lib/l10n/html.js": {
   "docsSHA256": null, 
   "jsSHA256": "7a4d086336d8279003803d838244f08e7b50818ff9a637395a26bc63058d408f", 
   "moduleName": "l10n/html", 
   "packageName": "api-utils", 
   "requirements": {
    "api-utils/l10n/core": {
     "path": "api-utils/lib/l10n/core.js"
    }, 
    "api-utils/system/events": {
     "path": "api-utils/lib/system/events.js"
    }, 
    "api-utils/unload": {
     "path": "api-utils/lib/unload.js"
    }, 
    "chrome": {
     "path": "chrome"
    }, 
    "self": {
     "path": "api-utils/lib/self.js"
    }
   }, 
   "sectionName": "lib"
  }, 
  "api-utils/lib/l10n/loader.js": {
   "docsSHA256": null, 
   "jsSHA256": "965ce5d8096eb07b67a5a24b5707433e91925831789ff67e1c885e0a1e33ef89", 
   "moduleName": "l10n/loader", 
   "packageName": "api-utils", 
   "requirements": {
    "api-utils/l10n/locale": {
     "path": "api-utils/lib/l10n/locale.js"
    }, 
    "api-utils/promise": {
     "path": "api-utils/lib/promise.js"
    }, 
    "chrome": {
     "path": "chrome"
    }
   }, 
   "sectionName": "lib"
  }, 
  "api-utils/lib/l10n/locale.js": {
   "docsSHA256": null, 
   "jsSHA256": "34ff66e49ca7759d38b8cc19a70d20441fde864b09b73b417552556b70ca20dd", 
   "moduleName": "l10n/locale", 
   "packageName": "api-utils", 
   "requirements": {
    "chrome": {
     "path": "chrome"
    }, 
    "preferences-service": {
     "path": "api-utils/lib/preferences-service.js"
    }
   }, 
   "sectionName": "lib"
  }, 
  "api-utils/lib/l10n/prefs.js": {
   "docsSHA256": null, 
   "jsSHA256": "e65f5413e596e89a9012b000dcfb3ef5e826f768db6f3a664aea6b8555406cc8", 
   "moduleName": "l10n/prefs", 
   "packageName": "api-utils", 
   "requirements": {
    "api-utils/l10n/core": {
     "path": "api-utils/lib/l10n/core.js"
    }, 
    "api-utils/observer-service": {
     "path": "api-utils/lib/observer-service.js"
    }, 
    "self": {
     "path": "api-utils/lib/self.js"
    }
   }, 
   "sectionName": "lib"
  }, 
  "api-utils/lib/light-traits.js": {
   "docsSHA256": "5d27c215d1f1104010c0c71f3f44f79b2530e9b1afa08db6e60ef5458a3a6a77", 
   "jsSHA256": "76dc0de7ef28a1529e65d74744ba4b451abe1d51dc36da730bd83372b8eff4e2", 
   "moduleName": "light-traits", 
   "packageName": "api-utils", 
   "requirements": {}, 
   "sectionName": "lib"
  }, 
  "api-utils/lib/list.js": {
   "docsSHA256": "bed383f43485384d7ecd1f330e80b57a9514fd34d84dc1242a004bfef00c4c50", 
   "jsSHA256": "3d170c83a79c361a2018e28016bc69f0e654db7db5686440ae375b93657d2379", 
   "moduleName": "list", 
   "packageName": "api-utils", 
   "requirements": {
    "./traits": {
     "path": "api-utils/lib/traits.js"
    }
   }, 
   "sectionName": "lib"
  }, 
  "api-utils/lib/loader.js": {
   "docsSHA256": "1adfab7e2ad7f5e2d029ee3127141fd88851e7d0d1f782fd29567ac71d6aab2b", 
   "jsSHA256": "32f54c7d7603d63d79d4fd19932f9a4d74632b29b61d6f71b9261ee462c5a0f8", 
   "moduleName": "loader", 
   "packageName": "api-utils", 
   "requirements": {}, 
   "sectionName": "lib"
  }, 
  "api-utils/lib/match-pattern.js": {
   "docsSHA256": "698643fdfce0775aa46caebe4ac5ea6f940fad4ef020d08f064cee14fae45a75", 
   "jsSHA256": "501eb4ad97cffe1a0ec19c0d5b413e7ab435d863ff08e6e8771dc811df2cc848", 
   "moduleName": "match-pattern", 
   "packageName": "api-utils", 
   "requirements": {
    "./url": {
     "path": "api-utils/lib/url.js"
    }
   }, 
   "sectionName": "lib"
  }, 
  "api-utils/lib/memory.js": {
   "docsSHA256": "5bb4d443a8392684c9cd1e3ebf8d4c85b513a5927dd7214fdb2e631f73d01526", 
   "jsSHA256": "b2515ae0fb54a5a12ea050b5571bc18ef8f9de691993b31038151e7c1025258b", 
   "moduleName": "memory", 
   "packageName": "api-utils", 
   "requirements": {
    "./unload": {
     "path": "api-utils/lib/unload.js"
    }, 
    "chrome": {
     "path": "chrome"
    }
   }, 
   "sectionName": "lib"
  }, 
  "api-utils/lib/namespace.js": {
   "docsSHA256": "9039b94ab6b4c3300e71e805db3ffd83948d4f7e2d84ff3e9324a86a20585f83", 
   "jsSHA256": "7e8f934f7b0e0881b169d9aee0978264356ee7c29c0914dc397c3a12b5c5bbc3", 
   "moduleName": "namespace", 
   "packageName": "api-utils", 
   "requirements": {}, 
   "sectionName": "lib"
  }, 
  "api-utils/lib/observer-service.js": {
   "docsSHA256": "ae0a13f9bba2d6720722620d1481e64ac25cc647dd8ab956905e8616232f9e9a", 
   "jsSHA256": "5eb8759ef8c8bd12d5d07534bf57b95275226bb2a23cb53a16d3763d95403158", 
   "moduleName": "observer-service", 
   "packageName": "api-utils", 
   "requirements": {
    "./namespace": {
     "path": "api-utils/lib/namespace.js"
    }, 
    "./system/events": {
     "path": "api-utils/lib/system/events.js"
    }, 
    "./unload": {
     "path": "api-utils/lib/unload.js"
    }, 
    "chrome": {
     "path": "chrome"
    }, 
    "self": {
     "path": "api-utils/lib/self.js"
    }
   }, 
   "sectionName": "lib"
  }, 
  "api-utils/lib/plain-text-console.js": {
   "docsSHA256": "1140c5a2ea5178be883254a2afb371e1550b863adeab5434a7cba9ce9f573d1c", 
   "jsSHA256": "226c8884a444cad3f0b5a17a4ab267578f5dfdf79aef0a94d499fc15761cdd90", 
   "moduleName": "plain-text-console", 
   "packageName": "api-utils", 
   "requirements": {
    "./traceback": {
     "path": "api-utils/lib/traceback.js"
    }, 
    "chrome": {
     "path": "chrome"
    }, 
    "self": {
     "path": "api-utils/lib/self.js"
    }
   }, 
   "sectionName": "lib"
  }, 
  "api-utils/lib/preferences-service.js": {
   "docsSHA256": "b0610b4340f6032647971218b7f990252f14b5402a707867c50ac26cbb7df1b3", 
   "jsSHA256": "8832a3f0752a852a211966b846e1a424419e53c4422e3b76ff6667019dea9e98", 
   "moduleName": "preferences-service", 
   "packageName": "api-utils", 
   "requirements": {
    "chrome": {
     "path": "chrome"
    }
   }, 
   "sectionName": "lib"
  }, 
  "api-utils/lib/private-browsing/utils.js": {
   "docsSHA256": null, 
   "jsSHA256": "f9ffa668f92fd6499be2a75e0422f359475568abf4f99efdec5f27d42e0c1fb4", 
   "moduleName": "private-browsing/utils", 
   "packageName": "api-utils", 
   "requirements": {
    "../deprecate": {
     "path": "api-utils/lib/deprecate.js"
    }, 
    "api-utils/event/core": {
     "path": "api-utils/lib/event/core.js"
    }, 
    "api-utils/functional": {
     "path": "api-utils/lib/functional.js"
    }, 
    "api-utils/observer-service": {
     "path": "api-utils/lib/observer-service.js"
    }, 
    "api-utils/unload": {
     "path": "api-utils/lib/unload.js"
    }, 
    "api-utils/window/utils": {
     "path": "api-utils/lib/window/utils.js"
    }, 
    "api-utils/xul-app": {
     "path": "api-utils/lib/xul-app.js"
    }, 
    "chrome": {
     "path": "chrome"
    }, 
    "private-browsing": {
     "path": "addon-kit/lib/private-browsing.js"
    }
   }, 
   "sectionName": "lib"
  }, 
  "api-utils/lib/promise.js": {
   "docsSHA256": "582a965de097af033a1c7fbce62ec8cef3c6c3ac57cb5f3b4ef9595b7f13677e", 
   "jsSHA256": "cc4e2c11b2913d275029a24c780e58be0af153a91930d543441bbf0c76cc5cd5", 
   "moduleName": "promise", 
   "packageName": "api-utils", 
   "requirements": {}, 
   "sectionName": "lib"
  }, 
  "api-utils/lib/runtime.js": {
   "docsSHA256": "da3d34aa242a4a1a78874ef3458f8288a8e16881679b7cfe9c7340a7af3783f6", 
   "jsSHA256": "e9ef8c81cb4ae966c53082c6851e52b07195ac48556f3cba90a6aa9b01ffe3aa", 
   "moduleName": "runtime", 
   "packageName": "api-utils", 
   "requirements": {
    "chrome": {
     "path": "chrome"
    }
   }, 
   "sectionName": "lib"
  }, 
  "api-utils/lib/sandbox.js": {
   "docsSHA256": "5b0f006528fc71bae1ce2b7a06b6b80f366d88b0f881c9de822f3ca47a39187f", 
   "jsSHA256": "6006668320408ed93dcd52c9a65db112ea074ed39b4f3ac3123ebb9c52071568", 
   "moduleName": "sandbox", 
   "packageName": "api-utils", 
   "requirements": {
    "chrome": {
     "path": "chrome"
    }
   }, 
   "sectionName": "lib"
  }, 
  "api-utils/lib/self.js": {
   "docsSHA256": null, 
   "jsSHA256": "57d4cb80b95290aaf9cbee40afc11a2b2e0709197dcdd22e4eb6a4553715d717", 
   "moduleName": "self", 
   "packageName": "api-utils", 
   "requirements": {
    "@loader/options": {
     "path": "@loader/options"
    }, 
    "chrome": {
     "path": "chrome"
    }
   }, 
   "sectionName": "lib"
  }, 
  "api-utils/lib/system.js": {
   "docsSHA256": null, 
   "jsSHA256": "bb4cd72b355fdf6b870ee3b3df10cfe71acae08565f488b1bef58c638eaf06d1", 
   "moduleName": "system", 
   "packageName": "api-utils", 
   "requirements": {
    "./environment": {
     "path": "api-utils/lib/environment.js"
    }, 
    "./file": {
     "path": "api-utils/lib/file.js"
    }, 
    "./runtime.js": {
     "path": "api-utils/lib/runtime.js"
    }, 
    "@loader/options": {
     "path": "@loader/options"
    }, 
    "chrome": {
     "path": "chrome"
    }
   }, 
   "sectionName": "lib"
  }, 
  "api-utils/lib/system/events.js": {
   "docsSHA256": null, 
   "jsSHA256": "6b33249ff0264b9b496a511f2d87e27199220e7d253e4800732d042c74231458", 
   "moduleName": "system/events", 
   "packageName": "api-utils", 
   "requirements": {
    "../heritage": {
     "path": "api-utils/lib/heritage.js"
    }, 
    "../namespace": {
     "path": "api-utils/lib/namespace.js"
    }, 
    "../xpcom": {
     "path": "api-utils/lib/xpcom.js"
    }, 
    "chrome": {
     "path": "chrome"
    }
   }, 
   "sectionName": "lib"
  }, 
  "api-utils/lib/tabs/events.js": {
   "docsSHA256": null, 
   "jsSHA256": "be426fe3605bb7f87eb75075ae158489cbdfff97b56b0aa8a5867bb92145c2e5", 
   "moduleName": "tabs/events", 
   "packageName": "api-utils", 
   "requirements": {}, 
   "sectionName": "lib"
  }, 
  "api-utils/lib/tabs/observer.js": {
   "docsSHA256": null, 
   "jsSHA256": "c306460b92aedd49404cc08edc9dae3ce1cd4966a75781f45c73d887f3a61c0e", 
   "moduleName": "tabs/observer", 
   "packageName": "api-utils", 
   "requirements": {
    "../events": {
     "path": "api-utils/lib/events.js"
    }, 
    "../events/assembler": {
     "path": "api-utils/lib/events/assembler.js"
    }, 
    "../light-traits": {
     "path": "api-utils/lib/light-traits.js"
    }, 
    "../window-utils": {
     "path": "api-utils/lib/window-utils.js"
    }, 
    "../window/utils": {
     "path": "api-utils/lib/window/utils.js"
    }, 
    "../windows/observer": {
     "path": "api-utils/lib/windows/observer.js"
    }, 
    "./utils": {
     "path": "api-utils/lib/tabs/utils.js"
    }
   }, 
   "sectionName": "lib"
  }, 
  "api-utils/lib/tabs/tab.js": {
   "docsSHA256": null, 
   "jsSHA256": "f62f71283414d72294f3d8ed09f7c6ccf6c931db0d4f150b13f4fac44a996f72", 
   "moduleName": "tabs/tab", 
   "packageName": "api-utils", 
   "requirements": {
    "../api-utils": {
     "path": "api-utils/lib/api-utils.js"
    }, 
    "../content/worker": {
     "path": "api-utils/lib/content/worker.js"
    }, 
    "../events": {
     "path": "api-utils/lib/events.js"
    }, 
    "../functional": {
     "path": "api-utils/lib/functional.js"
    }, 
    "../traits": {
     "path": "api-utils/lib/traits.js"
    }, 
    "../utils/data": {
     "path": "api-utils/lib/utils/data.js"
    }, 
    "../utils/thumbnail": {
     "path": "api-utils/lib/utils/thumbnail.js"
    }, 
    "./events": {
     "path": "api-utils/lib/tabs/events.js"
    }, 
    "./utils": {
     "path": "api-utils/lib/tabs/utils.js"
    }, 
    "addon-kit/windows": {
     "path": "addon-kit/lib/windows.js"
    }, 
    "chrome": {
     "path": "chrome"
    }
   }, 
   "sectionName": "lib"
  }, 
  "api-utils/lib/tabs/utils.js": {
   "docsSHA256": null, 
   "jsSHA256": "0cf036d7ad9b2b77bb818a5a7324c09e7e761ad50a870d35cb12e71dfe4e0335", 
   "moduleName": "tabs/utils", 
   "packageName": "api-utils", 
   "requirements": {
    "chrome": {
     "path": "chrome"
    }
   }, 
   "sectionName": "lib"
  }, 
  "api-utils/lib/text-streams.js": {
   "docsSHA256": "8e19169ffafcda9c319bb1e12068bfe2612eff2268d02765d3ea506e22c93e4d", 
   "jsSHA256": "0453e13226dd020a3ebe667d27814821ba0b5511e1b0596cd04a042fc4579ae1", 
   "moduleName": "text-streams", 
   "packageName": "api-utils", 
   "requirements": {
    "./unload": {
     "path": "api-utils/lib/unload.js"
    }, 
    "chrome": {
     "path": "chrome"
    }
   }, 
   "sectionName": "lib"
  }, 
  "api-utils/lib/timer.js": {
   "docsSHA256": null, 
   "jsSHA256": "908ad766a12e3f78370153d7b44dfe86e9c00f34012fee40456ffd5f4a7e932a", 
   "moduleName": "timer", 
   "packageName": "api-utils", 
   "requirements": {
    "./unload": {
     "path": "api-utils/lib/unload.js"
    }, 
    "chrome": {
     "path": "chrome"
    }
   }, 
   "sectionName": "lib"
  }, 
  "api-utils/lib/traceback.js": {
   "docsSHA256": "e08c1fd5421087d68e608f7f179d4212a08ce7460fd6939834a2ace59badefa8", 
   "jsSHA256": "c8c2a1280505f857e74f1a254c87ff5a12365533294a52ecb5761c3c8fa00a44", 
   "moduleName": "traceback", 
   "packageName": "api-utils", 
   "requirements": {
    "./url": {
     "path": "api-utils/lib/url.js"
    }, 
    "chrome": {
     "path": "chrome"
    }
   }, 
   "sectionName": "lib"
  }, 
  "api-utils/lib/traits.js": {
   "docsSHA256": "7e6f1fb1d18a7abbde3a61f5db0ef61b24eb3adc77a07ce012fdef5a3db25ac0", 
   "jsSHA256": "156890940fbf4fb224a1ccf75f33b95735153fa3dd1716cb37031bfd22bfb6a0", 
   "moduleName": "traits", 
   "packageName": "api-utils", 
   "requirements": {
    "./traits/core": {
     "path": "api-utils/lib/traits/core.js"
    }
   }, 
   "sectionName": "lib"
  }, 
  "api-utils/lib/traits/core.js": {
   "docsSHA256": null, 
   "jsSHA256": "c851515dd7895ac1ee88554cf00cc9dbbd9bb10864eaaa96ed4102336cffa94a", 
   "moduleName": "traits/core", 
   "packageName": "api-utils", 
   "requirements": {}, 
   "sectionName": "lib"
  }, 
  "api-utils/lib/unload.js": {
   "docsSHA256": "ea5ee2f96fa303543cc468fb27c148a60bf0db8f1f107df3d2ec27484954c539", 
   "jsSHA256": "17001c71673891c9348324e53b8dc58789081889bc830a9bc89a33da3d4352ba", 
   "moduleName": "unload", 
   "packageName": "api-utils", 
   "requirements": {
    "./system/events": {
     "path": "api-utils/lib/system/events.js"
    }, 
    "@loader/unload": {
     "path": "@loader/unload"
    }
   }, 
   "sectionName": "lib"
  }, 
  "api-utils/lib/url.js": {
   "docsSHA256": "511704d671bcbee1624e6e5b83d2e114d9882f68cc70e0d963ede55f849b8912", 
   "jsSHA256": "7f1489d6d433b33e8633850f8a9e33ca1667907b6f52adda6e63ab134102be40", 
   "moduleName": "url", 
   "packageName": "api-utils", 
   "requirements": {
    "./base64": {
     "path": "api-utils/lib/base64.js"
    }, 
    "./heritage": {
     "path": "api-utils/lib/heritage.js"
    }, 
    "chrome": {
     "path": "chrome"
    }
   }, 
   "sectionName": "lib"
  }, 
  "api-utils/lib/utils/data.js": {
   "docsSHA256": null, 
   "jsSHA256": "f6ba8e98a72d3b22c97ecb214cbaabff1995735933c2b1473239492295f73c12", 
   "moduleName": "utils/data", 
   "packageName": "api-utils", 
   "requirements": {
    "../base64": {
     "path": "api-utils/lib/base64.js"
    }, 
    "api-utils/base64": {
     "path": "api-utils/lib/base64.js"
    }, 
    "api-utils/deprecate": {
     "path": "api-utils/lib/deprecate.js"
    }, 
    "chrome": {
     "path": "chrome"
    }
   }, 
   "sectionName": "lib"
  }, 
  "api-utils/lib/utils/object.js": {
   "docsSHA256": null, 
   "jsSHA256": "b17263875fbf25b64bf94cac9cf1bb1e07d266cf506afc485b033931f8dfbf08", 
   "moduleName": "utils/object", 
   "packageName": "api-utils", 
   "requirements": {}, 
   "sectionName": "lib"
  }, 
  "api-utils/lib/utils/registry.js": {
   "docsSHA256": null, 
   "jsSHA256": "7a5cd527e71194bbe6fdf03eea1aa4be842bde2f6a43c93e57040ca1fc1ac3ba", 
   "moduleName": "utils/registry", 
   "packageName": "api-utils", 
   "requirements": {
    "../events": {
     "path": "api-utils/lib/events.js"
    }, 
    "../unload": {
     "path": "api-utils/lib/unload.js"
    }
   }, 
   "sectionName": "lib"
  }, 
  "api-utils/lib/utils/thumbnail.js": {
   "docsSHA256": null, 
   "jsSHA256": "fd9aae1abcfa31a520e15dd074e205bad1bfbdced0534159eeedebcf88f208db", 
   "moduleName": "utils/thumbnail", 
   "packageName": "api-utils", 
   "requirements": {
    "chrome": {
     "path": "chrome"
    }
   }, 
   "sectionName": "lib"
  }, 
  "api-utils/lib/uuid.js": {
   "docsSHA256": "7c1e57b8153ecb1c87de5fdd686684e0017d2ba16f43c647d629edf638a7f718", 
   "jsSHA256": "d8ed899037746abe248076469cf45888856c6399396482fcd8bcf2219e2453ab", 
   "moduleName": "uuid", 
   "packageName": "api-utils", 
   "requirements": {
    "chrome": {
     "path": "chrome"
    }
   }, 
   "sectionName": "lib"
  }, 
  "api-utils/lib/window-utils.js": {
   "docsSHA256": "a00279bdf3f5933651651fee4a84749ee65d8ea148c48c397e7817e914a61f2f", 
   "jsSHA256": "73008346624d8f606958a976d553f6258574e02c3b1761abb2618e280e55f893", 
   "moduleName": "window-utils", 
   "packageName": "api-utils", 
   "requirements": {
    "./deprecate": {
     "path": "api-utils/lib/deprecate.js"
    }, 
    "./errors": {
     "path": "api-utils/lib/errors.js"
    }, 
    "./events": {
     "path": "api-utils/lib/events.js"
    }, 
    "./traits": {
     "path": "api-utils/lib/traits.js"
    }, 
    "./unload": {
     "path": "api-utils/lib/unload.js"
    }, 
    "./window/utils": {
     "path": "api-utils/lib/window/utils.js"
    }, 
    "chrome": {
     "path": "chrome"
    }, 
    "window/utils": {
     "path": "api-utils/lib/window/utils.js"
    }
   }, 
   "sectionName": "lib"
  }, 
  "api-utils/lib/window/utils.js": {
   "docsSHA256": "9b0d9aca1deec63cfd1b3da001b05ace4b239baf27d2676dc19aadbaaaafdbe7", 
   "jsSHA256": "6a8a9d8fcbef3d4363620f8647e91b09e742884170b6080ab2c4fcaa50252f80", 
   "moduleName": "window/utils", 
   "packageName": "api-utils", 
   "requirements": {
    "api-utils/observer-service": {
     "path": "api-utils/lib/observer-service.js"
    }, 
    "chrome": {
     "path": "chrome"
    }
   }, 
   "sectionName": "lib"
  }, 
  "api-utils/lib/windows/dom.js": {
   "docsSHA256": null, 
   "jsSHA256": "fafb86bfda55c90937027200a10ac594b2b2e50fb9981dffc6679da472900594", 
   "moduleName": "windows/dom", 
   "packageName": "api-utils", 
   "requirements": {
    "../traits": {
     "path": "api-utils/lib/traits.js"
    }, 
    "api-utils/private-browsing/utils": {
     "path": "api-utils/lib/private-browsing/utils.js"
    }
   }, 
   "sectionName": "lib"
  }, 
  "api-utils/lib/windows/loader.js": {
   "docsSHA256": null, 
   "jsSHA256": "1440b1397f0c3c95f8ab19a50dcb5cbf2c8d6258cb9cd9e92d09ce0ed1856dda", 
   "moduleName": "windows/loader", 
   "packageName": "api-utils", 
   "requirements": {
    "../timer": {
     "path": "api-utils/lib/timer.js"
    }, 
    "../traits": {
     "path": "api-utils/lib/traits.js"
    }, 
    "chrome": {
     "path": "chrome"
    }
   }, 
   "sectionName": "lib"
  }, 
  "api-utils/lib/windows/observer.js": {
   "docsSHA256": null, 
   "jsSHA256": "2f4211d5deac0f592f09519347871e58c545958314071aa316d9070dae9c49b2", 
   "moduleName": "windows/observer", 
   "packageName": "api-utils", 
   "requirements": {
    "../events": {
     "path": "api-utils/lib/events.js"
    }, 
    "../events/assembler": {
     "path": "api-utils/lib/events/assembler.js"
    }, 
    "../light-traits": {
     "path": "api-utils/lib/light-traits.js"
    }, 
    "../window-utils": {
     "path": "api-utils/lib/window-utils.js"
    }
   }, 
   "sectionName": "lib"
  }, 
  "api-utils/lib/windows/tabs.js": {
   "docsSHA256": null, 
   "jsSHA256": "80b3fe6c8f7b7b8a12ad190520e2293d258b9b25df7982e14ec40eaff2eeb7ce", 
   "moduleName": "windows/tabs", 
   "packageName": "api-utils", 
   "requirements": {
    "../events": {
     "path": "api-utils/lib/events.js"
    }, 
    "../list": {
     "path": "api-utils/lib/list.js"
    }, 
    "../tabs/events": {
     "path": "api-utils/lib/tabs/events.js"
    }, 
    "../tabs/observer": {
     "path": "api-utils/lib/tabs/observer.js"
    }, 
    "../tabs/tab": {
     "path": "api-utils/lib/tabs/tab.js"
    }, 
    "../tabs/utils": {
     "path": "api-utils/lib/tabs/utils.js"
    }, 
    "../traits": {
     "path": "api-utils/lib/traits.js"
    }
   }, 
   "sectionName": "lib"
  }, 
  "api-utils/lib/xpcom.js": {
   "docsSHA256": "571c3ebe0f0b8f6af814f163a1da617f3e7f43179c8b7811129c655a9fe96b0e", 
   "jsSHA256": "796d570743f21ea3a5423bd4106a311880c3606f8fc02a6580730c2736fe8316", 
   "moduleName": "xpcom", 
   "packageName": "api-utils", 
   "requirements": {
    "./heritage": {
     "path": "api-utils/lib/heritage.js"
    }, 
    "./runtime": {
     "path": "api-utils/lib/runtime.js"
    }, 
    "./unload": {
     "path": "api-utils/lib/unload.js"
    }, 
    "./utils/object": {
     "path": "api-utils/lib/utils/object.js"
    }, 
    "./uuid": {
     "path": "api-utils/lib/uuid.js"
    }, 
    "./xul-app": {
     "path": "api-utils/lib/xul-app.js"
    }, 
    "chrome": {
     "path": "chrome"
    }
   }, 
   "sectionName": "lib"
  }, 
  "api-utils/lib/xul-app.js": {
   "docsSHA256": "10b9ace1ca4d82391ee7806e29ecc508c3f760150602a8b7bd024e7bb8860405", 
   "jsSHA256": "c33cd870e6c8252f9e312bffcb31e084b7cd7ee8c748bf6111e7c21e1a0f91f7", 
   "moduleName": "xul-app", 
   "packageName": "api-utils", 
   "requirements": {
    "chrome": {
     "path": "chrome"
    }
   }, 
   "sectionName": "lib"
  }, 
  "facebook/lib/browserWindowListener.js": {
   "docsSHA256": null, 
   "jsSHA256": "1f4902aa8b701730d44d635e7d30ef3c8ac8ab1d1c52f0d014cb598c87f10309", 
   "moduleName": "browserWindowListener", 
   "packageName": "facebook", 
   "requirements": {
    "chrome": {
     "path": "chrome"
    }, 
    "windows": {
     "path": "addon-kit/lib/windows.js"
    }
   }, 
   "sectionName": "lib"
  }, 
  "facebook/lib/main.js": {
   "docsSHA256": "e3b0c44298fc1c149afbf4c8996fb92427ae41e4649b934ca495991b7852b855", 
   "jsSHA256": "adad4cc8e5e495711b42780c4bb00d7c24bebab462020e801498b5819aeec75e", 
   "moduleName": "main", 
   "packageName": "facebook", 
   "requirements": {
    "./browserWindowListener": {
     "path": "facebook/lib/browserWindowListener.js"
    }, 
    "api-utils/heritage": {
     "path": "api-utils/lib/heritage.js"
    }, 
    "api-utils/xpcom": {
     "path": "api-utils/lib/xpcom.js"
    }, 
    "chrome": {
     "path": "chrome"
    }, 
    "page-mod": {
     "path": "addon-kit/lib/page-mod.js"
    }, 
    "self": {
     "path": "api-utils/lib/self.js"
    }, 
    "tabs": {
     "path": "addon-kit/lib/tabs.js"
    }
   }, 
   "sectionName": "lib"
  }
 }, 
 "metadata": {
  "addon-kit": {
   "author": "Atul Varma (http://toolness.com/) <atul@mozilla.com>", 
   "contributors": [
    "Myk Melez (http://melez.com/) <myk@mozilla.org>", 
    "Daniel Aquino <mr.danielaquino@gmail.com>"
   ], 
   "description": "Add-on development made easy.", 
   "keywords": [
    "javascript", 
    "engine", 
    "platform", 
    "xulrunner", 
    "jetpack-high-level"
   ], 
   "license": "MPL 2.0", 
   "name": "addon-kit"
  }, 
  "api-utils": {
   "author": "Atul Varma (http://toolness.com/) <atul@mozilla.com>", 
   "contributors": [
    "Myk Melez (http://melez.com/) <myk@mozilla.org>", 
    "Daniel Aquino <mr.danielaquino@gmail.com>"
   ], 
   "description": "Foundational infrastructure and utilities.", 
   "keywords": [
    "javascript", 
    "engine", 
    "platform", 
    "xulrunner", 
    "jetpack-low-level"
   ], 
   "license": "MPL 2.0", 
   "name": "api-utils"
  }, 
  "facebook": {
   "description": "a basic add-on", 
   "license": "MPL 2.0", 
   "main": "main", 
   "name": "facebook", 
   "version": "0.1"
  }
 }, 
 "name": "facebook", 
 "sdkVersion": "1.11", 
 "staticArgs": {}, 
 "verbose": false
}